{"textures":{"0":"modelengine:entity/bison","particle":"#0"},"elements":[{"from":[0.0,9.0,-2.0],"to":[16.0,23.0,13.0],"faces":{"east":{"uv":[3.25,11.333334,6.0,14.333334],"tintindex":0,"rotation":0,"texture":"#0"},"south":{"uv":[12.25,11.333334,15.75,14.333334],"tintindex":0,"rotation":0,"texture":"#0"},"north":{"uv":[6.0,11.333334,9.5,14.333334],"tintindex":0,"rotation":0,"texture":"#0"},"west":{"uv":[9.5,11.333334,12.25,14.333334],"tintindex":0,"rotation":0,"texture":"#0"},"up":{"uv":[9.5,11.333334,6.0,7.666667],"tintindex":0,"rotation":0,"texture":"#0"},"down":{"uv":[13.0,7.666667,9.5,11.333334],"tintindex":0,"rotation":0,"texture":"#0"}}}],"display":{"head":{"rotation":[0.0,0.0,0.0]},"firstperson_righthand":{"rotation":[0.0,0.0,0.0]},"thirdperson_lefthand":{"rotation":[0.0,-0.0,-0.0]},"firstperson_lefthand":{"rotation":[0.0,-0.0,-0.0]},"fixed":{"rotation":[0.0,0.0,0.0]},"ground":{"rotation":[0.0,0.0,0.0]},"thirdperson_righthand":{"rotation":[0.0,0.0,0.0]},"gui":{"rotation":[-150.0,-45.0,180.0]}}}